survived,pclass,sex,age,sibsp,parch,fare,embarked,deck,embark_town,family_size,is_alone,age_group,fare_per_person,is_male
0,3,male,22.0,1,0,7.25,S,C,Southampton,2,0,young_adult,3.625,1
1,1,female,38.0,1,0,71.2833,C,C,Cherbourg,2,0,adult,35.64165,0
1,3,female,26.0,0,0,7.925,S,C,Southampton,1,1,young_adult,7.925,0
1,1,female,35.0,1,0,53.1,S,C,Southampton,2,0,young_adult,26.55,0
0,3,male,35.0,0,0,8.05,S,C,Southampton,1,1,young_adult,8.05,1
0,3,male,28.0,0,0,8.4583,Q,C,Queenstown,1,1,young_adult,8.4583,1
0,1,male,54.0,0,0,51.8625,S,E,Southampton,1,1,adult,51.8625,1
0,3,male,2.0,3,1,21.075,S,C,Southampton,5,0,child,4.215,1
1,3,female,27.0,0,2,11.1333,S,C,Southampton,3,0,young_adult,3.7111,0
1,2,female,14.0,1,0,30.0708,C,C,Cherbourg,2,0,teen,15.0354,0
1,3,female,4.0,1,1,16.7,S,G,Southampton,3,0,child,5.566666666666666,0
1,1,female,58.0,0,0,26.55,S,C,Southampton,1,1,adult,26.55,0
0,3,male,20.0,0,0,8.05,S,C,Southampton,1,1,young_adult,8.05,1
0,3,male,39.0,1,5,31.275,S,C,Southampton,7,0,adult,4.4678571428571425,1
0,3,female,14.0,0,0,7.8542,S,C,Southampton,1,1,teen,7.8542,0
1,2,female,55.0,0,0,16.0,S,C,Southampton,1,1,adult,16.0,0
0,3,male,2.0,4,1,29.125,Q,C,Queenstown,6,0,child,4.854166666666667,1
1,2,male,28.0,0,0,13.0,S,C,Southampton,1,1,young_adult,13.0,1
0,3,female,31.0,1,0,18.0,S,C,Southampton,2,0,young_adult,9.0,0
1,3,female,28.0,0,0,7.225,C,C,Cherbourg,1,1,young_adult,7.225,0
0,2,male,35.0,0,0,26.0,S,C,Southampton,1,1,young_adult,26.0,1
1,2,male,34.0,0,0,13.0,S,D,Southampton,1,1,young_adult,13.0,1
1,3,female,15.0,0,0,8.0292,Q,C,Queenstown,1,1,teen,8.0292,0
1,1,male,28.0,0,0,35.5,S,A,Southampton,1,1,young_adult,35.5,1
0,3,female,8.0,3,1,21.075,S,C,Southampton,5,0,child,4.215,0
1,3,female,38.0,1,5,31.3875,S,C,Southampton,7,0,adult,4.483928571428572,0
0,3,male,28.0,0,0,7.225,C,C,Cherbourg,1,1,young_adult,7.225,1
0,1,male,19.0,3,2,263.0,S,C,Southampton,6,0,young_adult,43.833333333333336,1
1,3,female,28.0,0,0,7.8792,Q,C,Queenstown,1,1,young_adult,7.8792,0
0,3,male,28.0,0,0,7.8958,S,C,Southampton,1,1,young_adult,7.8958,1
0,1,male,40.0,0,0,27.7208,C,C,Cherbourg,1,1,adult,27.7208,1
1,1,female,28.0,1,0,146.5208,C,B,Cherbourg,2,0,young_adult,73.2604,0
1,3,female,28.0,0,0,7.75,Q,C,Queenstown,1,1,young_adult,7.75,0
0,2,male,66.0,0,0,10.5,S,C,Southampton,1,1,senior,10.5,1
0,1,male,28.0,1,0,82.1708,C,C,Cherbourg,2,0,young_adult,41.0854,1
0,1,male,42.0,1,0,52.0,S,C,Southampton,2,0,adult,26.0,1
1,3,male,28.0,0,0,7.2292,C,C,Cherbourg,1,1,young_adult,7.2292,1
0,3,male,21.0,0,0,8.05,S,C,Southampton,1,1,young_adult,8.05,1
0,3,female,18.0,2,0,18.0,S,C,Southampton,3,0,teen,6.0,0
1,3,female,14.0,1,0,11.2417,C,C,Cherbourg,2,0,teen,5.62085,0
0,3,female,40.0,1,0,9.475,S,C,Southampton,2,0,adult,4.7375,0
0,2,female,27.0,1,0,21.0,S,C,Southampton,2,0,young_adult,10.5,0
0,3,male,28.0,0,0,7.8958,C,C,Cherbourg,1,1,young_adult,7.8958,1
1,2,female,3.0,1,2,41.5792,C,C,Cherbourg,4,0,child,10.3948,0
1,3,female,19.0,0,0,7.8792,Q,C,Queenstown,1,1,young_adult,7.8792,0
0,3,male,28.0,0,0,8.05,S,C,Southampton,1,1,young_adult,8.05,1
0,3,male,28.0,1,0,15.5,Q,C,Queenstown,2,0,young_adult,7.75,1
1,3,female,28.0,0,0,7.75,Q,C,Queenstown,1,1,young_adult,7.75,0
0,3,male,28.0,2,0,21.6792,C,C,Cherbourg,3,0,young_adult,7.226400000000001,1
0,3,female,18.0,1,0,17.8,S,C,Southampton,2,0,teen,8.9,0
0,3,male,7.0,4,1,39.6875,S,C,Southampton,6,0,child,6.614583333333333,1
0,3,male,21.0,0,0,7.8,S,C,Southampton,1,1,young_adult,7.8,1
1,1,female,49.0,1,0,76.7292,C,D,Cherbourg,2,0,adult,38.3646,0
1,2,female,29.0,1,0,26.0,S,C,Southampton,2,0,young_adult,13.0,0
0,1,male,65.0,0,1,61.9792,C,B,Cherbourg,2,0,senior,30.9896,1
1,1,male,28.0,0,0,35.5,S,C,Southampton,1,1,young_adult,35.5,1
1,2,female,21.0,0,0,10.5,S,C,Southampton,1,1,young_adult,10.5,0
0,3,male,28.5,0,0,7.2292,C,C,Cherbourg,1,1,young_adult,7.2292,1
1,2,female,5.0,1,2,27.75,S,C,Southampton,4,0,child,6.9375,0
0,3,male,11.0,5,2,46.9,S,C,Southampton,8,0,child,5.8625,1
0,3,male,22.0,0,0,7.2292,C,C,Cherbourg,1,1,young_adult,7.2292,1
1,1,female,38.0,0,0,80.0,S,B,Southampton,1,1,adult,80.0,0
0,1,male,45.0,1,0,83.475,S,C,Southampton,2,0,adult,41.7375,1
0,3,male,4.0,3,2,27.9,S,C,Southampton,6,0,child,4.6499999999999995,1
0,1,male,28.0,0,0,27.7208,C,C,Cherbourg,1,1,young_adult,27.7208,1
1,3,male,28.0,1,1,15.2458,C,C,Cherbourg,3,0,young_adult,5.081933333333333,1
1,2,female,29.0,0,0,10.5,S,F,Southampton,1,1,young_adult,10.5,0
0,3,male,19.0,0,0,8.1583,S,C,Southampton,1,1,young_adult,8.1583,1
1,3,female,17.0,4,2,7.925,S,C,Southampton,7,0,teen,1.1321428571428571,0
0,3,male,26.0,2,0,8.6625,S,C,Southampton,3,0,young_adult,2.8874999999999997,1
0,2,male,32.0,0,0,10.5,S,C,Southampton,1,1,young_adult,10.5,1
0,3,female,16.0,5,2,46.9,S,C,Southampton,8,0,teen,5.8625,0
0,2,male,21.0,0,0,73.5,S,C,Southampton,1,1,young_adult,73.5,1
0,3,male,26.0,1,0,14.4542,C,C,Cherbourg,2,0,young_adult,7.2271,1
1,3,male,32.0,0,0,56.4958,S,C,Southampton,1,1,young_adult,56.4958,1
0,3,male,25.0,0,0,7.65,S,F,Southampton,1,1,young_adult,7.65,1
0,3,male,28.0,0,0,7.8958,S,C,Southampton,1,1,young_adult,7.8958,1
0,3,male,28.0,0,0,8.05,S,C,Southampton,1,1,young_adult,8.05,1
1,2,male,0.83,0,2,29.0,S,C,Southampton,3,0,child,9.666666666666666,1
1,3,female,30.0,0,0,12.475,S,C,Southampton,1,1,young_adult,12.475,0
0,3,male,22.0,0,0,9.0,S,C,Southampton,1,1,young_adult,9.0,1
1,3,male,29.0,0,0,9.5,S,C,Southampton,1,1,young_adult,9.5,1
1,3,female,28.0,0,0,7.7875,Q,C,Queenstown,1,1,young_adult,7.7875,0
0,1,male,28.0,0,0,47.1,S,C,Southampton,1,1,young_adult,47.1,1
1,2,female,17.0,0,0,10.5,S,C,Southampton,1,1,teen,10.5,0
1,3,female,33.0,3,0,15.85,S,C,Southampton,4,0,young_adult,3.9625,0
0,3,male,16.0,1,3,34.375,S,C,Southampton,5,0,teen,6.875,1
0,3,male,28.0,0,0,8.05,S,C,Southampton,1,1,young_adult,8.05,1
1,1,female,23.0,3,2,263.0,S,C,Southampton,6,0,young_adult,43.833333333333336,0
0,3,male,24.0,0,0,8.05,S,C,Southampton,1,1,young_adult,8.05,1
0,3,male,29.0,0,0,8.05,S,C,Southampton,1,1,young_adult,8.05,1
0,3,male,20.0,0,0,7.8542,S,C,Southampton,1,1,young_adult,7.8542,1
0,1,male,46.0,1,0,61.175,S,E,Southampton,2,0,adult,30.5875,1
0,3,male,26.0,1,2,20.575,S,C,Southampton,4,0,young_adult,5.14375,1
0,3,male,59.0,0,0,7.25,S,C,Southampton,1,1,adult,7.25,1
0,3,male,28.0,0,0,8.05,S,C,Southampton,1,1,young_adult,8.05,1
0,1,male,71.0,0,0,34.6542,C,A,Cherbourg,1,1,senior,34.6542,1
1,1,male,23.0,0,1,63.3583,C,D,Cherbourg,2,0,young_adult,31.67915,1
1,2,female,34.0,0,1,23.0,S,C,Southampton,2,0,young_adult,11.5,0
0,2,male,34.0,1,0,26.0,S,C,Southampton,2,0,young_adult,13.0,1
0,3,female,28.0,0,0,7.8958,S,C,Southampton,1,1,young_adult,7.8958,0
0,3,male,28.0,0,0,7.8958,S,C,Southampton,1,1,young_adult,7.8958,1
0,1,male,21.0,0,1,77.2875,S,D,Southampton,2,0,young_adult,38.64375,1
0,3,male,33.0,0,0,8.6542,S,C,Southampton,1,1,young_adult,8.6542,1
0,3,male,37.0,2,0,7.925,S,C,Southampton,3,0,adult,2.6416666666666666,1
0,3,male,28.0,0,0,7.8958,S,C,Southampton,1,1,young_adult,7.8958,1
1,3,female,21.0,0,0,7.65,S,C,Southampton,1,1,young_adult,7.65,0
1,3,male,28.0,0,0,7.775,S,C,Southampton,1,1,young_adult,7.775,1
0,3,male,38.0,0,0,7.8958,S,C,Southampton,1,1,adult,7.8958,1
1,3,female,28.0,1,0,24.15,Q,C,Queenstown,2,0,young_adult,12.075,0
0,1,male,47.0,0,0,52.0,S,C,Southampton,1,1,adult,52.0,1
0,3,female,14.5,1,0,14.4542,C,C,Cherbourg,2,0,teen,7.2271,0
0,3,male,22.0,0,0,8.05,S,C,Southampton,1,1,young_adult,8.05,1
0,3,female,20.0,1,0,9.825,S,C,Southampton,2,0,young_adult,4.9125,0
0,3,female,17.0,0,0,14.4583,C,C,Cherbourg,1,1,teen,14.4583,0
0,3,male,21.0,0,0,7.925,S,C,Southampton,1,1,young_adult,7.925,1
0,3,male,70.5,0,0,7.75,Q,C,Queenstown,1,1,senior,7.75,1
0,2,male,29.0,1,0,21.0,S,C,Southampton,2,0,young_adult,10.5,1
0,1,male,24.0,0,1,247.5208,C,B,Cherbourg,2,0,young_adult,123.7604,1
0,3,female,2.0,4,2,31.275,S,C,Southampton,7,0,child,4.4678571428571425,0
0,2,male,21.0,2,0,73.5,S,C,Southampton,3,0,young_adult,24.5,1
0,3,male,28.0,0,0,8.05,S,C,Southampton,1,1,young_adult,8.05,1
0,2,male,32.5,1,0,30.0708,C,C,Cherbourg,2,0,young_adult,15.0354,1
1,2,female,32.5,0,0,13.0,S,E,Southampton,1,1,young_adult,13.0,0
0,1,male,54.0,0,1,77.2875,S,D,Southampton,2,0,adult,38.64375,1
1,3,male,12.0,1,0,11.2417,C,C,Cherbourg,2,0,child,5.62085,1
0,3,male,28.0,0,0,7.75,Q,C,Queenstown,1,1,young_adult,7.75,1
1,3,male,24.0,0,0,7.1417,S,C,Southampton,1,1,young_adult,7.1417,1
1,3,female,28.0,1,1,22.3583,C,F,Cherbourg,3,0,young_adult,7.452766666666666,0
0,3,male,45.0,0,0,6.975,S,C,Southampton,1,1,adult,6.975,1
0,3,male,33.0,0,0,7.8958,C,C,Cherbourg,1,1,young_adult,7.8958,1
0,3,male,20.0,0,0,7.05,S,C,Southampton,1,1,young_adult,7.05,1
0,3,female,47.0,1,0,14.5,S,C,Southampton,2,0,adult,7.25,0
1,2,female,29.0,1,0,26.0,S,C,Southampton,2,0,young_adult,13.0,0
0,2,male,25.0,0,0,13.0,S,C,Southampton,1,1,young_adult,13.0,1
0,2,male,23.0,0,0,15.0458,C,C,Cherbourg,1,1,young_adult,15.0458,1
1,1,female,19.0,0,2,26.2833,S,D,Southampton,3,0,young_adult,8.7611,0
0,1,male,37.0,1,0,53.1,S,C,Southampton,2,0,adult,26.55,1
0,3,male,16.0,0,0,9.2167,S,C,Southampton,1,1,teen,9.2167,1
0,1,male,24.0,0,0,79.2,C,B,Cherbourg,1,1,young_adult,79.2,1
0,3,female,28.0,0,2,15.2458,C,C,Cherbourg,3,0,young_adult,5.081933333333333,0
1,3,female,22.0,0,0,7.75,S,C,Southampton,1,1,young_adult,7.75,0
1,3,female,24.0,1,0,15.85,S,C,Southampton,2,0,young_adult,7.925,0
0,3,male,19.0,0,0,6.75,Q,C,Queenstown,1,1,young_adult,6.75,1
0,2,male,18.0,0,0,11.5,S,C,Southampton,1,1,teen,11.5,1
0,2,male,19.0,1,1,36.75,S,C,Southampton,3,0,young_adult,12.25,1
1,3,male,27.0,0,0,7.7958,S,C,Southampton,1,1,young_adult,7.7958,1
0,3,female,9.0,2,2,34.375,S,C,Southampton,5,0,child,6.875,0
0,2,male,36.5,0,2,26.0,S,F,Southampton,3,0,adult,8.666666666666666,1
0,2,male,42.0,0,0,13.0,S,C,Southampton,1,1,adult,13.0,1
0,2,male,51.0,0,0,12.525,S,C,Southampton,1,1,adult,12.525,1
1,1,female,22.0,1,0,66.6,S,C,Southampton,2,0,young_adult,33.3,0
0,3,male,55.5,0,0,8.05,S,C,Southampton,1,1,adult,8.05,1
0,3,male,40.5,0,2,14.5,S,C,Southampton,3,0,adult,4.833333333333333,1
0,3,male,28.0,0,0,7.3125,S,C,Southampton,1,1,young_adult,7.3125,1
0,1,male,51.0,0,1,61.3792,C,C,Cherbourg,2,0,adult,30.6896,1
1,3,female,16.0,0,0,7.7333,Q,C,Queenstown,1,1,teen,7.7333,0
0,3,male,30.0,0,0,8.05,S,C,Southampton,1,1,young_adult,8.05,1
0,3,male,28.0,0,0,8.6625,S,C,Southampton,1,1,young_adult,8.6625,1
0,3,male,28.0,8,2,69.55,S,C,Southampton,11,0,young_adult,6.322727272727272,1
0,3,male,44.0,0,1,16.1,S,C,Southampton,2,0,adult,8.05,1
1,2,female,40.0,0,0,15.75,S,C,Southampton,1,1,adult,15.75,0
0,3,male,26.0,0,0,7.775,S,C,Southampton,1,1,young_adult,7.775,1
0,3,male,17.0,0,0,8.6625,S,C,Southampton,1,1,teen,8.6625,1
0,3,male,1.0,4,1,39.6875,S,C,Southampton,6,0,child,6.614583333333333,1
1,3,male,9.0,0,2,20.525,S,C,Southampton,3,0,child,6.841666666666666,1
1,1,female,28.0,0,1,55.0,S,E,Southampton,2,0,young_adult,27.5,0
0,3,female,45.0,1,4,27.9,S,C,Southampton,6,0,adult,4.6499999999999995,0
0,1,male,28.0,0,0,25.925,S,C,Southampton,1,1,young_adult,25.925,1
0,3,male,28.0,0,0,56.4958,S,C,Southampton,1,1,young_adult,56.4958,1
0,1,male,61.0,0,0,33.5,S,B,Southampton,1,1,senior,33.5,1
0,3,male,4.0,4,1,29.125,Q,C,Queenstown,6,0,child,4.854166666666667,1
1,3,female,1.0,1,1,11.1333,S,C,Southampton,3,0,child,3.7111,0
0,3,male,21.0,0,0,7.925,S,C,Southampton,1,1,young_adult,7.925,1
0,1,male,56.0,0,0,30.6958,C,A,Cherbourg,1,1,adult,30.6958,1
0,3,male,18.0,1,1,7.8542,S,C,Southampton,3,0,teen,2.6180666666666665,1
0,3,male,28.0,3,1,25.4667,S,C,Southampton,5,0,young_adult,5.0933399999999995,1
0,1,female,50.0,0,0,28.7125,C,C,Cherbourg,1,1,adult,28.7125,0
0,2,male,30.0,0,0,13.0,S,C,Southampton,1,1,young_adult,13.0,1
0,3,male,36.0,0,0,0.0,S,C,Southampton,1,1,adult,0.0,1
0,3,female,28.0,8,2,69.55,S,C,Southampton,11,0,young_adult,6.322727272727272,0
0,2,male,28.0,0,0,15.05,C,C,Cherbourg,1,1,young_adult,15.05,1
0,3,male,9.0,4,2,31.3875,S,C,Southampton,7,0,child,4.483928571428572,1
1,2,male,1.0,2,1,39.0,S,F,Southampton,4,0,child,9.75,1
1,3,female,4.0,0,2,22.025,S,C,Southampton,3,0,child,7.341666666666666,0
0,1,male,28.0,0,0,50.0,S,A,Southampton,1,1,young_adult,50.0,1
1,3,female,28.0,1,0,15.5,Q,C,Queenstown,2,0,young_adult,7.75,0
1,1,male,45.0,0,0,26.55,S,C,Southampton,1,1,adult,26.55,1
0,3,male,40.0,1,1,15.5,Q,C,Queenstown,3,0,adult,5.166666666666667,1
0,3,male,36.0,0,0,7.8958,S,C,Southampton,1,1,adult,7.8958,1
1,2,female,32.0,0,0,13.0,S,C,Southampton,1,1,young_adult,13.0,0
0,2,male,19.0,0,0,13.0,S,C,Southampton,1,1,young_adult,13.0,1
1,3,female,19.0,1,0,7.8542,S,C,Southampton,2,0,young_adult,3.9271,0
1,2,male,3.0,1,1,26.0,S,F,Southampton,3,0,child,8.666666666666666,1
1,1,female,44.0,0,0,27.7208,C,B,Cherbourg,1,1,adult,27.7208,0
1,1,female,58.0,0,0,146.5208,C,B,Cherbourg,1,1,adult,146.5208,0
0,3,male,28.0,0,0,7.75,Q,C,Queenstown,1,1,young_adult,7.75,1
0,3,male,42.0,0,1,8.4042,S,C,Southampton,2,0,adult,4.2021,1
1,3,female,28.0,0,0,7.75,Q,C,Queenstown,1,1,young_adult,7.75,0
0,2,female,24.0,0,0,13.0,S,C,Southampton,1,1,young_adult,13.0,0
0,3,male,28.0,0,0,9.5,S,C,Southampton,1,1,young_adult,9.5,1
0,3,male,28.0,8,2,69.55,S,C,Southampton,11,0,young_adult,6.322727272727272,1
0,3,male,34.0,0,0,6.4958,S,C,Southampton,1,1,young_adult,6.4958,1
0,3,male,45.5,0,0,7.225,C,C,Cherbourg,1,1,adult,7.225,1
1,3,male,18.0,0,0,8.05,S,C,Southampton,1,1,teen,8.05,1
0,3,female,2.0,0,1,10.4625,S,G,Southampton,2,0,child,5.23125,0
0,3,male,32.0,1,0,15.85,S,C,Southampton,2,0,young_adult,7.925,1
1,3,male,26.0,0,0,18.7875,C,C,Cherbourg,1,1,young_adult,18.7875,1
1,3,female,16.0,0,0,7.75,Q,C,Queenstown,1,1,teen,7.75,0
1,1,male,40.0,0,0,31.0,C,A,Cherbourg,1,1,adult,31.0,1
0,3,male,24.0,0,0,7.05,S,C,Southampton,1,1,young_adult,7.05,1
1,2,female,35.0,0,0,21.0,S,C,Southampton,1,1,young_adult,21.0,0
0,3,male,22.0,0,0,7.25,S,C,Southampton,1,1,young_adult,7.25,1
0,2,male,30.0,0,0,13.0,S,C,Southampton,1,1,young_adult,13.0,1
0,3,male,28.0,1,0,7.75,Q,C,Queenstown,2,0,young_adult,3.875,1
1,1,female,31.0,1,0,113.275,C,D,Cherbourg,2,0,young_adult,56.6375,0
1,3,female,27.0,0,0,7.925,S,C,Southampton,1,1,young_adult,7.925,0
0,2,male,42.0,1,0,27.0,S,C,Southampton,2,0,adult,13.5,1
1,1,female,32.0,0,0,76.2917,C,D,Cherbourg,1,1,young_adult,76.2917,0
0,2,male,30.0,0,0,10.5,S,C,Southampton,1,1,young_adult,10.5,1
1,3,male,16.0,0,0,8.05,S,C,Southampton,1,1,teen,8.05,1
0,2,male,27.0,0,0,13.0,S,C,Southampton,1,1,young_adult,13.0,1
0,3,male,51.0,0,0,8.05,S,C,Southampton,1,1,adult,8.05,1
0,3,male,28.0,0,0,7.8958,S,C,Southampton,1,1,young_adult,7.8958,1
1,1,male,38.0,1,0,90.0,S,C,Southampton,2,0,adult,45.0,1
0,3,male,22.0,0,0,9.35,S,C,Southampton,1,1,young_adult,9.35,1
1,2,male,19.0,0,0,10.5,S,C,Southampton,1,1,young_adult,10.5,1
0,3,male,20.5,0,0,7.25,S,C,Southampton,1,1,young_adult,7.25,1
0,2,male,18.0,0,0,13.0,S,C,Southampton,1,1,teen,13.0,1
0,3,female,28.0,3,1,25.4667,S,C,Southampton,5,0,young_adult,5.0933399999999995,0
1,1,female,35.0,1,0,83.475,S,C,Southampton,2,0,young_adult,41.7375,0
0,3,male,29.0,0,0,7.775,S,C,Southampton,1,1,young_adult,7.775,1
0,2,male,59.0,0,0,13.5,S,C,Southampton,1,1,adult,13.5,1
1,3,female,5.0,4,2,31.3875,S,C,Southampton,7,0,child,4.483928571428572,0
0,2,male,24.0,0,0,10.5,S,C,Southampton,1,1,young_adult,10.5,1
0,3,female,28.0,0,0,7.55,S,C,Southampton,1,1,young_adult,7.55,0
0,2,male,44.0,1,0,26.0,S,C,Southampton,2,0,adult,13.0,1
1,2,female,8.0,0,2,26.25,S,C,Southampton,3,0,child,8.75,0
0,2,male,19.0,0,0,10.5,S,C,Southampton,1,1,young_adult,10.5,1
0,2,male,33.0,0,0,12.275,S,C,Southampton,1,1,young_adult,12.275,1
0,3,female,28.0,1,0,14.4542,C,C,Cherbourg,2,0,young_adult,7.2271,0
1,3,female,28.0,1,0,15.5,Q,C,Queenstown,2,0,young_adult,7.75,0
0,2,male,29.0,0,0,10.5,S,C,Southampton,1,1,young_adult,10.5,1
0,3,male,22.0,0,0,7.125,S,C,Southampton,1,1,young_adult,7.125,1
0,3,male,30.0,0,0,7.225,C,C,Cherbourg,1,1,young_adult,7.225,1
0,1,male,44.0,2,0,90.0,Q,C,Queenstown,3,0,adult,30.0,1
0,3,female,25.0,0,0,7.775,S,C,Southampton,1,1,young_adult,7.775,0
1,2,female,24.0,0,2,14.5,S,C,Southampton,3,0,young_adult,4.833333333333333,0
1,1,male,37.0,1,1,52.5542,S,D,Southampton,3,0,adult,17.518066666666666,1
0,2,male,54.0,1,0,26.0,S,C,Southampton,2,0,adult,13.0,1
0,3,male,28.0,0,0,7.25,S,C,Southampton,1,1,young_adult,7.25,1
0,3,female,29.0,1,1,10.4625,S,G,Southampton,3,0,young_adult,3.4875000000000003,0
0,1,male,62.0,0,0,26.55,S,C,Southampton,1,1,senior,26.55,1
0,3,male,30.0,1,0,16.1,S,C,Southampton,2,0,young_adult,8.05,1
0,3,female,41.0,0,2,20.2125,S,C,Southampton,3,0,adult,6.7375,0
1,3,female,29.0,0,2,15.2458,C,C,Cherbourg,3,0,young_adult,5.081933333333333,0
1,1,female,28.0,0,0,79.2,C,C,Cherbourg,1,1,young_adult,79.2,0
1,1,female,30.0,0,0,86.5,S,B,Southampton,1,1,young_adult,86.5,0
1,1,female,35.0,0,0,512.3292,C,C,Cherbourg,1,1,young_adult,512.3292,0
1,2,female,50.0,0,1,26.0,S,C,Southampton,2,0,adult,13.0,0
0,3,male,28.0,0,0,7.75,Q,C,Queenstown,1,1,young_adult,7.75,1
1,3,male,3.0,4,2,31.3875,S,C,Southampton,7,0,child,4.483928571428572,1
0,1,male,52.0,1,1,79.65,S,E,Southampton,3,0,adult,26.55,1
0,1,male,40.0,0,0,0.0,S,B,Southampton,1,1,adult,0.0,1
0,3,female,28.0,0,0,7.75,Q,C,Queenstown,1,1,young_adult,7.75,0
0,2,male,36.0,0,0,10.5,S,C,Southampton,1,1,adult,10.5,1
0,3,male,16.0,4,1,39.6875,S,C,Southampton,6,0,teen,6.614583333333333,1
1,3,male,25.0,1,0,7.775,S,C,Southampton,2,0,young_adult,3.8875,1
1,1,female,58.0,0,1,153.4625,S,C,Southampton,2,0,adult,76.73125,0
1,1,female,35.0,0,0,135.6333,S,C,Southampton,1,1,young_adult,135.6333,0
0,1,male,28.0,0,0,31.0,S,C,Southampton,1,1,young_adult,31.0,1
1,3,male,25.0,0,0,0.0,S,C,Southampton,1,1,young_adult,0.0,1
1,2,female,41.0,0,1,19.5,S,C,Southampton,2,0,adult,9.75,0
0,1,male,37.0,0,1,29.7,C,C,Cherbourg,2,0,adult,14.85,1
1,3,female,28.0,0,0,7.75,Q,C,Queenstown,1,1,young_adult,7.75,0
1,1,female,63.0,1,0,77.9583,S,D,Southampton,2,0,senior,38.97915,0
0,3,female,45.0,0,0,7.75,S,C,Southampton,1,1,adult,7.75,0
0,2,male,28.0,0,0,0.0,S,C,Southampton,1,1,young_adult,0.0,1
0,3,male,7.0,4,1,29.125,Q,C,Queenstown,6,0,child,4.854166666666667,1
1,3,female,35.0,1,1,20.25,S,C,Southampton,3,0,young_adult,6.75,0
0,3,male,65.0,0,0,7.75,Q,C,Queenstown,1,1,senior,7.75,1
0,3,male,28.0,0,0,7.8542,S,C,Southampton,1,1,young_adult,7.8542,1
0,3,male,16.0,0,0,9.5,S,C,Southampton,1,1,teen,9.5,1
1,3,male,19.0,0,0,8.05,S,C,Southampton,1,1,young_adult,8.05,1
0,1,male,28.0,0,0,26.0,S,A,Southampton,1,1,young_adult,26.0,1
0,3,male,33.0,0,0,8.6625,C,C,Cherbourg,1,1,young_adult,8.6625,1
1,3,male,30.0,0,0,9.5,S,C,Southampton,1,1,young_adult,9.5,1
0,3,male,22.0,0,0,7.8958,S,C,Southampton,1,1,young_adult,7.8958,1
1,2,male,42.0,0,0,13.0,S,C,Southampton,1,1,adult,13.0,1
1,3,female,22.0,0,0,7.75,Q,C,Queenstown,1,1,young_adult,7.75,0
1,1,female,26.0,0,0,78.85,S,C,Southampton,1,1,young_adult,78.85,0
1,1,female,19.0,1,0,91.0792,C,B,Cherbourg,2,0,young_adult,45.5396,0
0,2,male,36.0,0,0,12.875,C,D,Cherbourg,1,1,adult,12.875,1
0,3,female,24.0,0,0,8.85,S,C,Southampton,1,1,young_adult,8.85,0
0,3,male,24.0,0,0,7.8958,S,C,Southampton,1,1,young_adult,7.8958,1
0,1,male,28.0,0,0,27.7208,C,C,Cherbourg,1,1,young_adult,27.7208,1
0,3,male,23.5,0,0,7.2292,C,C,Cherbourg,1,1,young_adult,7.2292,1
0,1,female,2.0,1,2,151.55,S,C,Southampton,4,0,child,37.8875,0
1,1,male,28.0,0,0,30.5,S,C,Southampton,1,1,young_adult,30.5,1
1,1,female,50.0,0,1,247.5208,C,B,Cherbourg,2,0,adult,123.7604,0
1,3,female,28.0,0,0,7.75,Q,C,Queenstown,1,1,young_adult,7.75,0
1,3,male,28.0,2,0,23.25,Q,C,Queenstown,3,0,young_adult,7.75,1
0,3,male,19.0,0,0,0.0,S,C,Southampton,1,1,young_adult,0.0,1
1,2,female,28.0,0,0,12.35,Q,E,Queenstown,1,1,young_adult,12.35,0
0,3,male,28.0,0,0,8.05,S,C,Southampton,1,1,young_adult,8.05,1
1,1,male,0.92,1,2,151.55,S,C,Southampton,4,0,child,37.8875,1
1,1,female,28.0,0,0,110.8833,C,C,Cherbourg,1,1,young_adult,110.8833,0
1,1,female,17.0,1,0,108.9,C,C,Cherbourg,2,0,teen,54.45,0
0,2,male,30.0,1,0,24.0,C,C,Cherbourg,2,0,young_adult,12.0,1
1,1,female,30.0,0,0,56.9292,C,E,Cherbourg,1,1,young_adult,56.9292,0
1,1,female,24.0,0,0,83.1583,C,C,Cherbourg,1,1,young_adult,83.1583,0
1,1,female,18.0,2,2,262.375,C,B,Cherbourg,5,0,teen,52.475,0
0,2,female,26.0,1,1,26.0,S,C,Southampton,3,0,young_adult,8.666666666666666,0
0,3,male,28.0,0,0,7.8958,S,C,Southampton,1,1,young_adult,7.8958,1
0,2,male,43.0,1,1,26.25,S,C,Southampton,3,0,adult,8.75,1
1,3,female,26.0,0,0,7.8542,S,C,Southampton,1,1,young_adult,7.8542,0
1,2,female,24.0,1,0,26.0,S,C,Southampton,2,0,young_adult,13.0,0
0,2,male,54.0,0,0,14.0,S,C,Southampton,1,1,adult,14.0,1
1,1,female,31.0,0,2,164.8667,S,C,Southampton,3,0,young_adult,54.95556666666667,0
1,1,female,40.0,1,1,134.5,C,E,Cherbourg,3,0,adult,44.833333333333336,0
0,3,male,22.0,0,0,7.25,S,C,Southampton,1,1,young_adult,7.25,1
0,3,male,27.0,0,0,7.8958,S,C,Southampton,1,1,young_adult,7.8958,1
1,2,female,30.0,0,0,12.35,Q,C,Queenstown,1,1,young_adult,12.35,0
1,2,female,22.0,1,1,29.0,S,C,Southampton,3,0,young_adult,9.666666666666666,0
0,3,male,28.0,8,2,69.55,S,C,Southampton,11,0,young_adult,6.322727272727272,1
1,1,female,36.0,0,0,135.6333,C,C,Cherbourg,1,1,adult,135.6333,0
0,3,male,61.0,0,0,6.2375,S,C,Southampton,1,1,senior,6.2375,1
1,2,female,36.0,0,0,13.0,S,D,Southampton,1,1,adult,13.0,0
1,3,female,31.0,1,1,20.525,S,C,Southampton,3,0,young_adult,6.841666666666666,0
1,1,female,16.0,0,1,57.9792,C,B,Cherbourg,2,0,teen,28.9896,0
1,3,female,28.0,2,0,23.25,Q,C,Queenstown,3,0,young_adult,7.75,0
0,1,male,45.5,0,0,28.5,S,C,Southampton,1,1,adult,28.5,1
0,1,male,38.0,0,1,153.4625,S,C,Southampton,2,0,adult,76.73125,1
0,3,male,16.0,2,0,18.0,S,C,Southampton,3,0,teen,6.0,1
1,1,female,28.0,1,0,133.65,S,C,Southampton,2,0,young_adult,66.825,0
0,3,male,28.0,0,0,7.8958,S,C,Southampton,1,1,young_adult,7.8958,1
0,1,male,29.0,1,0,66.6,S,C,Southampton,2,0,young_adult,33.3,1
1,1,female,41.0,0,0,134.5,C,E,Cherbourg,1,1,adult,134.5,0
1,3,male,45.0,0,0,8.05,S,C,Southampton,1,1,adult,8.05,1
0,1,male,45.0,0,0,35.5,S,C,Southampton,1,1,adult,35.5,1
1,2,male,2.0,1,1,26.0,S,F,Southampton,3,0,child,8.666666666666666,1
1,1,female,24.0,3,2,263.0,S,C,Southampton,6,0,young_adult,43.833333333333336,0
0,2,male,28.0,0,0,13.0,S,C,Southampton,1,1,young_adult,13.0,1
0,2,male,25.0,0,0,13.0,S,C,Southampton,1,1,young_adult,13.0,1
0,2,male,36.0,0,0,13.0,S,C,Southampton,1,1,adult,13.0,1
1,2,female,24.0,0,0,13.0,S,F,Southampton,1,1,young_adult,13.0,0
1,2,female,40.0,0,0,13.0,S,C,Southampton,1,1,adult,13.0,0
1,3,female,28.0,1,0,16.1,S,C,Southampton,2,0,young_adult,8.05,0
1,3,male,3.0,1,1,15.9,S,C,Southampton,3,0,child,5.3,1
0,3,male,42.0,0,0,8.6625,S,C,Southampton,1,1,adult,8.6625,1
0,3,male,23.0,0,0,9.225,S,C,Southampton,1,1,young_adult,9.225,1
0,1,male,28.0,0,0,35.0,S,C,Southampton,1,1,young_adult,35.0,1
0,3,male,15.0,1,1,7.2292,C,C,Cherbourg,3,0,teen,2.409733333333333,1
0,3,male,25.0,1,0,17.8,S,C,Southampton,2,0,young_adult,8.9,1
0,3,male,28.0,0,0,7.225,C,C,Cherbourg,1,1,young_adult,7.225,1
0,3,male,28.0,0,0,9.5,S,C,Southampton,1,1,young_adult,9.5,1
1,1,female,22.0,0,1,55.0,S,E,Southampton,2,0,young_adult,27.5,0
0,2,female,38.0,0,0,13.0,S,C,Southampton,1,1,adult,13.0,0
1,3,female,28.0,0,0,7.8792,Q,C,Queenstown,1,1,young_adult,7.8792,0
1,3,female,28.0,0,0,7.8792,Q,C,Queenstown,1,1,young_adult,7.8792,0
0,3,male,40.0,1,4,27.9,S,C,Southampton,6,0,adult,4.6499999999999995,1
0,2,male,29.0,1,0,27.7208,C,C,Cherbourg,2,0,young_adult,13.8604,1
0,3,female,45.0,0,1,14.4542,C,C,Cherbourg,2,0,adult,7.2271,0
0,3,male,35.0,0,0,7.05,S,C,Southampton,1,1,young_adult,7.05,1
0,3,male,28.0,1,0,15.5,Q,C,Queenstown,2,0,young_adult,7.75,1
0,3,male,30.0,0,0,7.25,S,C,Southampton,1,1,young_adult,7.25,1
1,1,female,60.0,1,0,75.25,C,D,Cherbourg,2,0,adult,37.625,0
1,3,female,28.0,0,0,7.2292,C,C,Cherbourg,1,1,young_adult,7.2292,0
1,3,female,28.0,0,0,7.75,Q,C,Queenstown,1,1,young_adult,7.75,0
1,1,female,24.0,0,0,69.3,C,B,Cherbourg,1,1,young_adult,69.3,0
1,1,male,25.0,1,0,55.4417,C,E,Cherbourg,2,0,young_adult,27.72085,1
0,3,male,18.0,1,0,6.4958,S,C,Southampton,2,0,teen,3.2479,1
0,3,male,19.0,0,0,8.05,S,C,Southampton,1,1,young_adult,8.05,1
0,1,male,22.0,0,0,135.6333,C,C,Cherbourg,1,1,young_adult,135.6333,1
0,3,female,3.0,3,1,21.075,S,C,Southampton,5,0,child,4.215,0
1,1,female,28.0,1,0,82.1708,C,C,Cherbourg,2,0,young_adult,41.0854,0
1,3,female,22.0,0,0,7.25,S,C,Southampton,1,1,young_adult,7.25,0
0,1,male,27.0,0,2,211.5,C,C,Cherbourg,3,0,young_adult,70.5,1
0,3,male,20.0,0,0,4.0125,C,C,Cherbourg,1,1,young_adult,4.0125,1
0,3,male,19.0,0,0,7.775,S,C,Southampton,1,1,young_adult,7.775,1
1,1,female,42.0,0,0,227.525,C,C,Cherbourg,1,1,adult,227.525,0
1,3,female,1.0,0,2,15.7417,C,C,Cherbourg,3,0,child,5.247233333333333,0
0,3,male,32.0,0,0,7.925,S,C,Southampton,1,1,young_adult,7.925,1
1,1,female,35.0,1,0,52.0,S,C,Southampton,2,0,young_adult,26.0,0
0,3,male,28.0,0,0,7.8958,S,C,Southampton,1,1,young_adult,7.8958,1
0,2,male,18.0,0,0,73.5,S,C,Southampton,1,1,teen,73.5,1
0,3,male,1.0,5,2,46.9,S,C,Southampton,8,0,child,5.8625,1
1,2,female,36.0,0,0,13.0,S,C,Southampton,1,1,adult,13.0,0
0,3,male,28.0,0,0,7.7292,Q,C,Queenstown,1,1,young_adult,7.7292,1
1,2,female,17.0,0,0,12.0,C,C,Cherbourg,1,1,teen,12.0,0
1,1,male,36.0,1,2,120.0,S,B,Southampton,4,0,adult,30.0,1
1,3,male,21.0,0,0,7.7958,S,C,Southampton,1,1,young_adult,7.7958,1
0,3,male,28.0,2,0,7.925,S,C,Southampton,3,0,young_adult,2.6416666666666666,1
1,1,female,23.0,1,0,113.275,C,D,Cherbourg,2,0,young_adult,56.6375,0
1,3,female,24.0,0,2,16.7,S,G,Southampton,3,0,young_adult,5.566666666666666,0
0,3,male,22.0,0,0,7.7958,S,C,Southampton,1,1,young_adult,7.7958,1
0,3,female,31.0,0,0,7.8542,S,C,Southampton,1,1,young_adult,7.8542,0
0,2,male,46.0,0,0,26.0,S,C,Southampton,1,1,adult,26.0,1
0,2,male,23.0,0,0,10.5,S,C,Southampton,1,1,young_adult,10.5,1
1,2,female,28.0,0,0,12.65,S,C,Southampton,1,1,young_adult,12.65,0
1,3,male,39.0,0,0,7.925,S,C,Southampton,1,1,adult,7.925,1
0,3,male,26.0,0,0,8.05,S,C,Southampton,1,1,young_adult,8.05,1
0,3,female,21.0,1,0,9.825,S,C,Southampton,2,0,young_adult,4.9125,0
0,3,male,28.0,1,0,15.85,S,C,Southampton,2,0,young_adult,7.925,1
0,3,female,20.0,0,0,8.6625,S,C,Southampton,1,1,young_adult,8.6625,0
0,2,male,34.0,1,0,21.0,S,C,Southampton,2,0,young_adult,10.5,1
0,3,male,51.0,0,0,7.75,S,C,Southampton,1,1,adult,7.75,1
1,2,male,3.0,1,1,18.75,S,C,Southampton,3,0,child,6.25,1
0,3,male,21.0,0,0,7.775,S,C,Southampton,1,1,young_adult,7.775,1
0,3,female,28.0,3,1,25.4667,S,C,Southampton,5,0,young_adult,5.0933399999999995,0
0,3,male,28.0,0,0,7.8958,S,C,Southampton,1,1,young_adult,7.8958,1
0,3,male,28.0,0,0,6.8583,Q,C,Queenstown,1,1,young_adult,6.8583,1
1,1,female,33.0,1,0,90.0,Q,C,Queenstown,2,0,young_adult,45.0,0
0,2,male,28.0,0,0,0.0,S,C,Southampton,1,1,young_adult,0.0,1
1,3,male,44.0,0,0,7.925,S,C,Southampton,1,1,adult,7.925,1
0,3,female,28.0,0,0,8.05,S,C,Southampton,1,1,young_adult,8.05,0
1,2,female,34.0,1,1,32.5,S,C,Southampton,3,0,young_adult,10.833333333333334,0
1,2,female,18.0,0,2,13.0,S,C,Southampton,3,0,teen,4.333333333333333,0
0,2,male,30.0,0,0,13.0,S,C,Southampton,1,1,young_adult,13.0,1
0,3,female,10.0,0,2,24.15,S,C,Southampton,3,0,child,8.049999999999999,0
0,3,male,28.0,0,0,7.8958,C,C,Cherbourg,1,1,young_adult,7.8958,1
0,3,male,21.0,0,0,7.7333,Q,C,Queenstown,1,1,young_adult,7.7333,1
0,3,male,29.0,0,0,7.875,S,C,Southampton,1,1,young_adult,7.875,1
0,3,female,28.0,1,1,14.4,S,C,Southampton,3,0,young_adult,4.8,0
0,3,male,18.0,1,1,20.2125,S,C,Southampton,3,0,teen,6.7375,1
0,3,male,28.0,0,0,7.25,S,C,Southampton,1,1,young_adult,7.25,1
1,2,female,28.0,1,0,26.0,S,C,Southampton,2,0,young_adult,13.0,0
1,2,female,19.0,0,0,26.0,S,C,Southampton,1,1,young_adult,26.0,0
0,3,male,28.0,0,0,7.75,Q,C,Queenstown,1,1,young_adult,7.75,1
1,3,male,32.0,0,0,8.05,S,E,Southampton,1,1,young_adult,8.05,1
1,1,male,28.0,0,0,26.55,S,C,Southampton,1,1,young_adult,26.55,1
1,3,female,28.0,1,0,16.1,S,C,Southampton,2,0,young_adult,8.05,0
1,2,female,42.0,1,0,26.0,S,C,Southampton,2,0,adult,13.0,0
0,3,male,17.0,0,0,7.125,S,C,Southampton,1,1,teen,7.125,1
0,1,male,50.0,1,0,55.9,S,E,Southampton,2,0,adult,27.95,1
1,1,female,14.0,1,2,120.0,S,B,Southampton,4,0,teen,30.0,0
0,3,female,21.0,2,2,34.375,S,C,Southampton,5,0,young_adult,6.875,0
1,2,female,24.0,2,3,18.75,S,C,Southampton,6,0,young_adult,3.125,0
0,1,male,64.0,1,4,263.0,S,C,Southampton,6,0,senior,43.833333333333336,1
0,2,male,31.0,0,0,10.5,S,C,Southampton,1,1,young_adult,10.5,1
1,2,female,45.0,1,1,26.25,S,C,Southampton,3,0,adult,8.75,0
0,3,male,20.0,0,0,9.5,S,C,Southampton,1,1,young_adult,9.5,1
0,3,male,25.0,1,0,7.775,S,C,Southampton,2,0,young_adult,3.8875,1
1,2,female,28.0,0,0,13.0,S,C,Southampton,1,1,young_adult,13.0,0
1,3,male,28.0,0,0,8.1125,S,C,Southampton,1,1,young_adult,8.1125,1
1,1,male,4.0,0,2,81.8583,S,A,Southampton,3,0,child,27.2861,1
1,2,female,13.0,0,1,19.5,S,C,Southampton,2,0,teen,9.75,0
1,1,male,34.0,0,0,26.55,S,C,Southampton,1,1,young_adult,26.55,1
1,3,female,5.0,2,1,19.2583,C,C,Cherbourg,4,0,child,4.814575,0
1,1,male,52.0,0,0,30.5,S,C,Southampton,1,1,adult,30.5,1
0,2,male,36.0,1,2,27.75,S,C,Southampton,4,0,adult,6.9375,1
0,3,male,28.0,1,0,19.9667,S,C,Southampton,2,0,young_adult,9.98335,1
0,1,male,30.0,0,0,27.75,C,C,Cherbourg,1,1,young_adult,27.75,1
1,1,male,49.0,1,0,89.1042,C,C,Cherbourg,2,0,adult,44.5521,1
0,3,male,28.0,0,0,8.05,S,C,Southampton,1,1,young_adult,8.05,1
1,3,male,29.0,0,0,7.8958,C,C,Cherbourg,1,1,young_adult,7.8958,1
0,1,male,65.0,0,0,26.55,S,E,Southampton,1,1,senior,26.55,1
1,1,female,28.0,1,0,51.8625,S,D,Southampton,2,0,young_adult,25.93125,0
1,2,female,50.0,0,0,10.5,S,C,Southampton,1,1,adult,10.5,0
0,3,male,28.0,0,0,7.75,Q,C,Queenstown,1,1,young_adult,7.75,1
1,1,male,48.0,0,0,26.55,S,E,Southampton,1,1,adult,26.55,1
0,3,male,34.0,0,0,8.05,S,C,Southampton,1,1,young_adult,8.05,1
0,1,male,47.0,0,0,38.5,S,E,Southampton,1,1,adult,38.5,1
0,2,male,48.0,0,0,13.0,S,C,Southampton,1,1,adult,13.0,1
0,3,male,28.0,0,0,8.05,S,C,Southampton,1,1,young_adult,8.05,1
0,3,male,38.0,0,0,7.05,S,C,Southampton,1,1,adult,7.05,1
0,2,male,28.0,0,0,0.0,S,C,Southampton,1,1,young_adult,0.0,1
0,1,male,56.0,0,0,26.55,S,C,Southampton,1,1,adult,26.55,1
0,3,male,28.0,0,0,7.725,Q,C,Queenstown,1,1,young_adult,7.725,1
1,3,female,0.75,2,1,19.2583,C,C,Cherbourg,4,0,child,4.814575,0
0,3,male,28.0,0,0,7.25,S,C,Southampton,1,1,young_adult,7.25,1
0,3,male,38.0,0,0,8.6625,S,C,Southampton,1,1,adult,8.6625,1
1,2,female,33.0,1,2,27.75,S,C,Southampton,4,0,young_adult,6.9375,0
1,2,female,23.0,0,0,13.7917,C,D,Cherbourg,1,1,young_adult,13.7917,0
0,3,female,22.0,0,0,9.8375,S,C,Southampton,1,1,young_adult,9.8375,0
0,1,male,28.0,0,0,52.0,S,A,Southampton,1,1,young_adult,52.0,1
0,2,male,34.0,1,0,21.0,S,C,Southampton,2,0,young_adult,10.5,1
0,3,male,29.0,1,0,7.0458,S,C,Southampton,2,0,young_adult,3.5229,1
0,3,male,22.0,0,0,7.5208,S,C,Southampton,1,1,young_adult,7.5208,1
1,3,female,2.0,0,1,12.2875,S,C,Southampton,2,0,child,6.14375,0
0,3,male,9.0,5,2,46.9,S,C,Southampton,8,0,child,5.8625,1
0,2,male,28.0,0,0,0.0,S,C,Southampton,1,1,young_adult,0.0,1
0,3,male,50.0,0,0,8.05,S,C,Southampton,1,1,adult,8.05,1
1,3,female,63.0,0,0,9.5875,S,C,Southampton,1,1,senior,9.5875,0
1,1,male,25.0,1,0,91.0792,C,B,Cherbourg,2,0,young_adult,45.5396,1
0,3,female,28.0,3,1,25.4667,S,C,Southampton,5,0,young_adult,5.0933399999999995,0
1,1,female,35.0,1,0,90.0,S,C,Southampton,2,0,young_adult,45.0,0
0,1,male,58.0,0,0,29.7,C,B,Cherbourg,1,1,adult,29.7,1
0,3,male,30.0,0,0,8.05,S,C,Southampton,1,1,young_adult,8.05,1
1,3,male,9.0,1,1,15.9,S,C,Southampton,3,0,child,5.3,1
0,3,male,28.0,1,0,19.9667,S,C,Southampton,2,0,young_adult,9.98335,1
0,3,male,21.0,0,0,7.25,S,C,Southampton,1,1,young_adult,7.25,1
0,1,male,55.0,0,0,30.5,S,C,Southampton,1,1,adult,30.5,1
0,1,male,71.0,0,0,49.5042,C,C,Cherbourg,1,1,senior,49.5042,1
0,3,male,21.0,0,0,8.05,S,C,Southampton,1,1,young_adult,8.05,1
0,3,male,28.0,0,0,14.4583,C,C,Cherbourg,1,1,young_adult,14.4583,1
1,1,female,54.0,1,0,78.2667,C,D,Cherbourg,2,0,adult,39.13335,0
0,3,male,28.0,0,0,15.1,S,C,Southampton,1,1,young_adult,15.1,1
0,1,female,25.0,1,2,151.55,S,C,Southampton,4,0,young_adult,37.8875,0
0,3,male,24.0,0,0,7.7958,S,C,Southampton,1,1,young_adult,7.7958,1
0,3,male,17.0,0,0,8.6625,S,C,Southampton,1,1,teen,8.6625,1
0,3,female,21.0,0,0,7.75,Q,C,Queenstown,1,1,young_adult,7.75,0
0,3,female,28.0,0,0,7.6292,Q,C,Queenstown,1,1,young_adult,7.6292,0
0,3,female,37.0,0,0,9.5875,S,C,Southampton,1,1,adult,9.5875,0
1,1,female,16.0,0,0,86.5,S,B,Southampton,1,1,teen,86.5,0
0,1,male,18.0,1,0,108.9,C,C,Cherbourg,2,0,teen,54.45,1
1,2,female,33.0,0,2,26.0,S,C,Southampton,3,0,young_adult,8.666666666666666,0
1,1,male,28.0,0,0,26.55,S,C,Southampton,1,1,young_adult,26.55,1
0,3,male,28.0,0,0,22.525,S,C,Southampton,1,1,young_adult,22.525,1
1,3,male,26.0,0,0,56.4958,S,C,Southampton,1,1,young_adult,56.4958,1
1,3,male,29.0,0,0,7.75,Q,C,Queenstown,1,1,young_adult,7.75,1
0,3,male,28.0,0,0,8.05,S,C,Southampton,1,1,young_adult,8.05,1
1,1,male,36.0,0,0,26.2875,S,E,Southampton,1,1,adult,26.2875,1
1,1,female,54.0,1,0,59.4,C,C,Cherbourg,2,0,adult,29.7,0
0,3,male,24.0,0,0,7.4958,S,C,Southampton,1,1,young_adult,7.4958,1
0,1,male,47.0,0,0,34.0208,S,D,Southampton,1,1,adult,34.0208,1
1,2,female,34.0,0,0,10.5,S,F,Southampton,1,1,young_adult,10.5,0
0,3,male,28.0,0,0,24.15,Q,C,Queenstown,1,1,young_adult,24.15,1
1,2,female,36.0,1,0,26.0,S,C,Southampton,2,0,adult,13.0,0
0,3,male,32.0,0,0,7.8958,S,C,Southampton,1,1,young_adult,7.8958,1
1,1,female,30.0,0,0,93.5,S,B,Southampton,1,1,young_adult,93.5,0
0,3,male,22.0,0,0,7.8958,S,C,Southampton,1,1,young_adult,7.8958,1
0,3,male,28.0,0,0,7.225,C,C,Cherbourg,1,1,young_adult,7.225,1
1,1,female,44.0,0,1,57.9792,C,B,Cherbourg,2,0,adult,28.9896,0
0,3,male,28.0,0,0,7.2292,C,C,Cherbourg,1,1,young_adult,7.2292,1
0,3,male,40.5,0,0,7.75,Q,C,Queenstown,1,1,adult,7.75,1
1,2,female,50.0,0,0,10.5,S,C,Southampton,1,1,adult,10.5,0
0,1,male,28.0,0,0,221.7792,S,C,Southampton,1,1,young_adult,221.7792,1
0,3,male,39.0,0,0,7.925,S,C,Southampton,1,1,adult,7.925,1
0,2,male,23.0,2,1,11.5,S,C,Southampton,4,0,young_adult,2.875,1
1,2,female,2.0,1,1,26.0,S,C,Southampton,3,0,child,8.666666666666666,0
0,3,male,28.0,0,0,7.2292,C,C,Cherbourg,1,1,young_adult,7.2292,1
0,3,male,17.0,1,1,7.2292,C,C,Cherbourg,3,0,teen,2.409733333333333,1
1,3,female,28.0,0,2,22.3583,C,C,Cherbourg,3,0,young_adult,7.452766666666666,0
0,3,female,30.0,0,0,8.6625,S,C,Southampton,1,1,young_adult,8.6625,0
1,2,female,7.0,0,2,26.25,S,C,Southampton,3,0,child,8.75,0
0,1,male,45.0,0,0,26.55,S,B,Southampton,1,1,adult,26.55,1
1,1,female,30.0,0,0,106.425,C,C,Cherbourg,1,1,young_adult,106.425,0
0,3,male,28.0,0,0,14.5,S,C,Southampton,1,1,young_adult,14.5,1
1,1,female,22.0,0,2,49.5,C,B,Cherbourg,3,0,young_adult,16.5,0
1,1,female,36.0,0,2,71.0,S,B,Southampton,3,0,adult,23.666666666666668,0
0,3,female,9.0,4,2,31.275,S,C,Southampton,7,0,child,4.4678571428571425,0
0,3,female,11.0,4,2,31.275,S,C,Southampton,7,0,child,4.4678571428571425,0
1,2,male,32.0,1,0,26.0,S,C,Southampton,2,0,young_adult,13.0,1
0,1,male,50.0,1,0,106.425,C,C,Cherbourg,2,0,adult,53.2125,1
0,1,male,64.0,0,0,26.0,S,C,Southampton,1,1,senior,26.0,1
1,2,female,19.0,1,0,26.0,S,C,Southampton,2,0,young_adult,13.0,0
1,2,male,28.0,0,0,13.8625,C,C,Cherbourg,1,1,young_adult,13.8625,1
0,3,male,33.0,1,1,20.525,S,C,Southampton,3,0,young_adult,6.841666666666666,1
1,2,male,8.0,1,1,36.75,S,C,Southampton,3,0,child,12.25,1
1,1,male,17.0,0,2,110.8833,C,C,Cherbourg,3,0,teen,36.9611,1
0,2,male,27.0,0,0,26.0,S,C,Southampton,1,1,young_adult,26.0,1
0,3,male,28.0,0,0,7.8292,Q,C,Queenstown,1,1,young_adult,7.8292,1
1,3,male,22.0,0,0,7.225,C,C,Cherbourg,1,1,young_adult,7.225,1
1,3,female,22.0,0,0,7.775,S,C,Southampton,1,1,young_adult,7.775,0
0,1,male,62.0,0,0,26.55,S,C,Southampton,1,1,senior,26.55,1
1,1,female,48.0,1,0,39.6,C,A,Cherbourg,2,0,adult,19.8,0
0,1,male,28.0,0,0,227.525,C,C,Cherbourg,1,1,young_adult,227.525,1
1,1,female,39.0,1,1,79.65,S,E,Southampton,3,0,adult,26.55,0
1,3,female,36.0,1,0,17.4,S,C,Southampton,2,0,adult,8.7,0
0,3,male,28.0,0,0,7.75,Q,C,Queenstown,1,1,young_adult,7.75,1
0,3,male,40.0,0,0,7.8958,S,C,Southampton,1,1,adult,7.8958,1
0,2,male,28.0,0,0,13.5,S,C,Southampton,1,1,young_adult,13.5,1
0,3,male,28.0,0,0,8.05,S,C,Southampton,1,1,young_adult,8.05,1
0,3,female,28.0,0,0,8.05,S,C,Southampton,1,1,young_adult,8.05,0
0,3,male,24.0,2,0,24.15,S,C,Southampton,3,0,young_adult,8.049999999999999,1
0,3,male,19.0,0,0,7.8958,S,C,Southampton,1,1,young_adult,7.8958,1
0,3,female,29.0,0,4,21.075,S,C,Southampton,5,0,young_adult,4.215,0
0,3,male,28.0,0,0,7.2292,C,C,Cherbourg,1,1,young_adult,7.2292,1
1,3,male,32.0,0,0,7.8542,S,C,Southampton,1,1,young_adult,7.8542,1
1,2,male,62.0,0,0,10.5,S,C,Southampton,1,1,senior,10.5,1
1,1,female,53.0,2,0,51.4792,S,C,Southampton,3,0,adult,17.15973333333333,0
1,1,male,36.0,0,0,26.3875,S,E,Southampton,1,1,adult,26.3875,1
1,3,female,28.0,0,0,7.75,Q,C,Queenstown,1,1,young_adult,7.75,0
0,3,male,16.0,0,0,8.05,S,C,Southampton,1,1,teen,8.05,1
0,3,male,19.0,0,0,14.5,S,C,Southampton,1,1,young_adult,14.5,1
1,2,female,34.0,0,0,13.0,S,C,Southampton,1,1,young_adult,13.0,0
1,1,female,39.0,1,0,55.9,S,E,Southampton,2,0,adult,27.95,0
0,3,female,28.0,1,0,14.4583,C,C,Cherbourg,2,0,young_adult,7.22915,0
1,3,male,32.0,0,0,7.925,S,C,Southampton,1,1,young_adult,7.925,1
1,2,female,25.0,1,1,30.0,S,C,Southampton,3,0,young_adult,10.0,0
1,1,female,39.0,1,1,110.8833,C,C,Cherbourg,3,0,adult,36.9611,0
0,2,male,54.0,0,0,26.0,S,C,Southampton,1,1,adult,26.0,1
0,1,male,36.0,0,0,40.125,C,A,Cherbourg,1,1,adult,40.125,1
0,3,male,28.0,0,0,8.7125,C,C,Cherbourg,1,1,young_adult,8.7125,1
1,1,female,18.0,0,2,79.65,S,E,Southampton,3,0,teen,26.55,0
0,2,male,47.0,0,0,15.0,S,C,Southampton,1,1,adult,15.0,1
1,1,male,60.0,1,1,79.2,C,B,Cherbourg,3,0,adult,26.400000000000002,1
0,3,male,22.0,0,0,8.05,S,C,Southampton,1,1,young_adult,8.05,1
0,3,male,28.0,0,0,8.05,S,C,Southampton,1,1,young_adult,8.05,1
0,3,male,35.0,0,0,7.125,S,C,Southampton,1,1,young_adult,7.125,1
1,1,female,52.0,1,0,78.2667,C,D,Cherbourg,2,0,adult,39.13335,0
0,3,male,47.0,0,0,7.25,S,C,Southampton,1,1,adult,7.25,1
0,3,female,28.0,0,2,7.75,Q,C,Queenstown,3,0,young_adult,2.5833333333333335,0
0,2,male,37.0,1,0,26.0,S,C,Southampton,2,0,adult,13.0,1
0,3,male,36.0,1,1,24.15,S,C,Southampton,3,0,adult,8.049999999999999,1
1,2,female,28.0,0,0,33.0,S,C,Southampton,1,1,young_adult,33.0,0
0,3,male,49.0,0,0,0.0,S,C,Southampton,1,1,adult,0.0,1
0,3,male,28.0,0,0,7.225,C,C,Cherbourg,1,1,young_adult,7.225,1
1,1,male,49.0,1,0,56.9292,C,A,Cherbourg,2,0,adult,28.4646,1
1,2,female,24.0,2,1,27.0,S,C,Southampton,4,0,young_adult,6.75,0
0,3,male,28.0,0,0,7.8958,S,C,Southampton,1,1,young_adult,7.8958,1
0,1,male,28.0,0,0,42.4,S,C,Southampton,1,1,young_adult,42.4,1
0,3,male,44.0,0,0,8.05,S,C,Southampton,1,1,adult,8.05,1
1,1,male,35.0,0,0,26.55,C,C,Cherbourg,1,1,young_adult,26.55,1
0,3,male,36.0,1,0,15.55,S,C,Southampton,2,0,adult,7.775,1
0,3,male,30.0,0,0,7.8958,S,C,Southampton,1,1,young_adult,7.8958,1
1,1,male,27.0,0,0,30.5,S,C,Southampton,1,1,young_adult,30.5,1
1,2,female,22.0,1,2,41.5792,C,C,Cherbourg,4,0,young_adult,10.3948,0
1,1,female,40.0,0,0,153.4625,S,C,Southampton,1,1,adult,153.4625,0
0,3,female,39.0,1,5,31.275,S,C,Southampton,7,0,adult,4.4678571428571425,0
0,3,male,28.0,0,0,7.05,S,C,Southampton,1,1,young_adult,7.05,1
1,3,female,28.0,1,0,15.5,Q,C,Queenstown,2,0,young_adult,7.75,0
0,3,male,28.0,0,0,7.75,Q,C,Queenstown,1,1,young_adult,7.75,1
0,3,male,35.0,0,0,8.05,S,C,Southampton,1,1,young_adult,8.05,1
1,2,female,24.0,1,2,65.0,S,C,Southampton,4,0,young_adult,16.25,0
0,3,male,34.0,1,1,14.4,S,C,Southampton,3,0,young_adult,4.8,1
0,3,female,26.0,1,0,16.1,S,C,Southampton,2,0,young_adult,8.05,0
1,2,female,4.0,2,1,39.0,S,F,Southampton,4,0,child,9.75,0
0,2,male,26.0,0,0,10.5,S,C,Southampton,1,1,young_adult,10.5,1
0,3,male,27.0,1,0,14.4542,C,C,Cherbourg,2,0,young_adult,7.2271,1
1,1,male,42.0,1,0,52.5542,S,D,Southampton,2,0,adult,26.2771,1
1,3,male,20.0,1,1,15.7417,C,C,Cherbourg,3,0,young_adult,5.247233333333333,1
0,3,male,21.0,0,0,7.8542,S,C,Southampton,1,1,young_adult,7.8542,1
0,3,male,21.0,0,0,16.1,S,C,Southampton,1,1,young_adult,16.1,1
0,1,male,61.0,0,0,32.3208,S,D,Southampton,1,1,senior,32.3208,1
0,2,male,57.0,0,0,12.35,Q,C,Queenstown,1,1,adult,12.35,1
1,1,female,21.0,0,0,77.9583,S,D,Southampton,1,1,young_adult,77.9583,0
0,3,male,26.0,0,0,7.8958,S,C,Southampton,1,1,young_adult,7.8958,1
0,3,male,28.0,0,0,7.7333,Q,C,Queenstown,1,1,young_adult,7.7333,1
1,1,male,80.0,0,0,30.0,S,A,Southampton,1,1,senior,30.0,1
0,3,male,51.0,0,0,7.0542,S,C,Southampton,1,1,adult,7.0542,1
1,1,male,32.0,0,0,30.5,C,B,Cherbourg,1,1,young_adult,30.5,1
0,1,male,28.0,0,0,0.0,S,C,Southampton,1,1,young_adult,0.0,1
0,3,female,9.0,3,2,27.9,S,C,Southampton,6,0,child,4.6499999999999995,0
1,2,female,28.0,0,0,13.0,S,C,Southampton,1,1,young_adult,13.0,0
0,3,male,32.0,0,0,7.925,S,C,Southampton,1,1,young_adult,7.925,1
0,2,male,31.0,1,1,26.25,S,C,Southampton,3,0,young_adult,8.75,1
0,3,female,41.0,0,5,39.6875,S,C,Southampton,6,0,adult,6.614583333333333,0
0,3,male,28.0,1,0,16.1,S,C,Southampton,2,0,young_adult,8.05,1
0,3,male,20.0,0,0,7.8542,S,C,Southampton,1,1,young_adult,7.8542,1
1,1,female,24.0,0,0,69.3,C,B,Cherbourg,1,1,young_adult,69.3,0
0,3,female,2.0,3,2,27.9,S,C,Southampton,6,0,child,4.6499999999999995,0
1,3,male,28.0,0,0,56.4958,S,C,Southampton,1,1,young_adult,56.4958,1
1,3,female,0.75,2,1,19.2583,C,C,Cherbourg,4,0,child,4.814575,0
1,1,male,48.0,1,0,76.7292,C,D,Cherbourg,2,0,adult,38.3646,1
0,3,male,19.0,0,0,7.8958,S,C,Southampton,1,1,young_adult,7.8958,1
1,1,male,56.0,0,0,35.5,C,A,Cherbourg,1,1,adult,35.5,1
0,3,male,28.0,0,0,7.55,S,C,Southampton,1,1,young_adult,7.55,1
1,3,female,23.0,0,0,7.55,S,C,Southampton,1,1,young_adult,7.55,0
0,3,male,28.0,0,0,7.8958,S,C,Southampton,1,1,young_adult,7.8958,1
1,2,female,18.0,0,1,23.0,S,C,Southampton,2,0,teen,11.5,0
0,3,male,21.0,0,0,8.4333,S,C,Southampton,1,1,young_adult,8.4333,1
1,3,female,28.0,0,0,7.8292,Q,C,Queenstown,1,1,young_adult,7.8292,0
0,3,female,18.0,0,0,6.75,Q,C,Queenstown,1,1,teen,6.75,0
0,2,male,24.0,2,0,73.5,S,C,Southampton,3,0,young_adult,24.5,1
0,3,male,28.0,0,0,7.8958,S,C,Southampton,1,1,young_adult,7.8958,1
0,3,female,32.0,1,1,15.5,Q,C,Queenstown,3,0,young_adult,5.166666666666667,0
0,2,male,23.0,0,0,13.0,S,C,Southampton,1,1,young_adult,13.0,1
0,1,male,58.0,0,2,113.275,C,D,Cherbourg,3,0,adult,37.75833333333333,1
1,1,male,50.0,2,0,133.65,S,C,Southampton,3,0,adult,44.550000000000004,1
0,3,male,40.0,0,0,7.225,C,C,Cherbourg,1,1,adult,7.225,1
0,1,male,47.0,0,0,25.5875,S,E,Southampton,1,1,adult,25.5875,1
0,3,male,36.0,0,0,7.4958,S,C,Southampton,1,1,adult,7.4958,1
1,3,male,20.0,1,0,7.925,S,C,Southampton,2,0,young_adult,3.9625,1
0,2,male,32.0,2,0,73.5,S,C,Southampton,3,0,young_adult,24.5,1
0,2,male,25.0,0,0,13.0,S,C,Southampton,1,1,young_adult,13.0,1
0,3,male,28.0,0,0,7.775,S,C,Southampton,1,1,young_adult,7.775,1
0,3,male,43.0,0,0,8.05,S,C,Southampton,1,1,adult,8.05,1
1,1,female,28.0,1,0,52.0,S,C,Southampton,2,0,young_adult,26.0,0
1,2,female,40.0,1,1,39.0,S,C,Southampton,3,0,adult,13.0,0
0,1,male,31.0,1,0,52.0,S,B,Southampton,2,0,young_adult,26.0,1
0,2,male,70.0,0,0,10.5,S,C,Southampton,1,1,senior,10.5,1
1,2,male,31.0,0,0,13.0,S,C,Southampton,1,1,young_adult,13.0,1
0,2,male,28.0,0,0,0.0,S,C,Southampton,1,1,young_adult,0.0,1
0,3,male,18.0,0,0,7.775,S,C,Southampton,1,1,teen,7.775,1
0,3,male,24.5,0,0,8.05,S,C,Southampton,1,1,young_adult,8.05,1
1,3,female,18.0,0,0,9.8417,S,C,Southampton,1,1,teen,9.8417,0
0,3,female,43.0,1,6,46.9,S,C,Southampton,8,0,adult,5.8625,0
1,1,male,36.0,0,1,512.3292,C,B,Cherbourg,2,0,adult,256.1646,1
0,3,female,28.0,0,0,8.1375,Q,C,Queenstown,1,1,young_adult,8.1375,0
1,1,male,27.0,0,0,76.7292,C,D,Cherbourg,1,1,young_adult,76.7292,1
0,3,male,20.0,0,0,9.225,S,C,Southampton,1,1,young_adult,9.225,1
0,3,male,14.0,5,2,46.9,S,C,Southampton,8,0,teen,5.8625,1
0,2,male,60.0,1,1,39.0,S,C,Southampton,3,0,adult,13.0,1
0,2,male,25.0,1,2,41.5792,C,C,Cherbourg,4,0,young_adult,10.3948,1
0,3,male,14.0,4,1,39.6875,S,C,Southampton,6,0,teen,6.614583333333333,1
0,3,male,19.0,0,0,10.1708,S,C,Southampton,1,1,young_adult,10.1708,1
0,3,male,18.0,0,0,7.7958,S,C,Southampton,1,1,teen,7.7958,1
1,1,female,15.0,0,1,211.3375,S,B,Southampton,2,0,teen,105.66875,0
1,1,male,31.0,1,0,57.0,S,B,Southampton,2,0,young_adult,28.5,1
1,3,female,4.0,0,1,13.4167,C,C,Cherbourg,2,0,child,6.70835,0
1,3,male,28.0,0,0,56.4958,S,C,Southampton,1,1,young_adult,56.4958,1
0,3,male,25.0,0,0,7.225,C,C,Cherbourg,1,1,young_adult,7.225,1
0,1,male,60.0,0,0,26.55,S,C,Southampton,1,1,adult,26.55,1
0,2,male,52.0,0,0,13.5,S,C,Southampton,1,1,adult,13.5,1
0,3,male,44.0,0,0,8.05,S,C,Southampton,1,1,adult,8.05,1
1,3,female,28.0,0,0,7.7333,Q,C,Queenstown,1,1,young_adult,7.7333,0
0,1,male,49.0,1,1,110.8833,C,C,Cherbourg,3,0,adult,36.9611,1
0,3,male,42.0,0,0,7.65,S,F,Southampton,1,1,adult,7.65,1
1,1,female,18.0,1,0,227.525,C,C,Cherbourg,2,0,teen,113.7625,0
1,1,male,35.0,0,0,26.2875,S,E,Southampton,1,1,young_adult,26.2875,1
0,3,female,18.0,0,1,14.4542,C,C,Cherbourg,2,0,teen,7.2271,0
0,3,male,25.0,0,0,7.7417,Q,C,Queenstown,1,1,young_adult,7.7417,1
0,3,male,26.0,1,0,7.8542,S,C,Southampton,2,0,young_adult,3.9271,1
0,2,male,39.0,0,0,26.0,S,C,Southampton,1,1,adult,26.0,1
1,2,female,45.0,0,0,13.5,S,C,Southampton,1,1,adult,13.5,0
1,1,male,42.0,0,0,26.2875,S,E,Southampton,1,1,adult,26.2875,1
1,1,female,22.0,0,0,151.55,S,C,Southampton,1,1,young_adult,151.55,0
1,3,male,28.0,1,1,15.2458,C,C,Cherbourg,3,0,young_adult,5.081933333333333,1
1,1,female,24.0,0,0,49.5042,C,C,Cherbourg,1,1,young_adult,49.5042,0
0,1,male,28.0,0,0,26.55,S,C,Southampton,1,1,young_adult,26.55,1
1,1,male,48.0,1,0,52.0,S,C,Southampton,2,0,adult,26.0,1
0,3,male,29.0,0,0,9.4833,S,C,Southampton,1,1,young_adult,9.4833,1
0,2,male,52.0,0,0,13.0,S,C,Southampton,1,1,adult,13.0,1
0,3,male,19.0,0,0,7.65,S,F,Southampton,1,1,young_adult,7.65,1
1,1,female,38.0,0,0,227.525,C,C,Cherbourg,1,1,adult,227.525,0
1,2,female,27.0,0,0,10.5,S,E,Southampton,1,1,young_adult,10.5,0
0,3,male,28.0,0,0,15.5,Q,C,Queenstown,1,1,young_adult,15.5,1
0,3,male,33.0,0,0,7.775,S,C,Southampton,1,1,young_adult,7.775,1
1,2,female,6.0,0,1,33.0,S,C,Southampton,2,0,child,16.5,0
0,3,male,17.0,1,0,7.0542,S,C,Southampton,2,0,teen,3.5271,1
0,2,male,34.0,0,0,13.0,S,C,Southampton,1,1,young_adult,13.0,1
0,2,male,50.0,0,0,13.0,S,C,Southampton,1,1,adult,13.0,1
1,1,male,27.0,1,0,53.1,S,E,Southampton,2,0,young_adult,26.55,1
0,3,male,20.0,0,0,8.6625,S,C,Southampton,1,1,young_adult,8.6625,1
1,2,female,30.0,3,0,21.0,S,C,Southampton,4,0,young_adult,5.25,0
1,3,female,28.0,0,0,7.7375,Q,C,Queenstown,1,1,young_adult,7.7375,0
0,2,male,25.0,1,0,26.0,S,C,Southampton,2,0,young_adult,13.0,1
0,3,female,25.0,1,0,7.925,S,C,Southampton,2,0,young_adult,3.9625,0
1,1,female,29.0,0,0,211.3375,S,B,Southampton,1,1,young_adult,211.3375,0
0,3,male,11.0,0,0,18.7875,C,C,Cherbourg,1,1,child,18.7875,1
0,2,male,28.0,0,0,0.0,S,C,Southampton,1,1,young_adult,0.0,1
0,2,male,23.0,0,0,13.0,S,C,Southampton,1,1,young_adult,13.0,1
0,2,male,23.0,0,0,13.0,S,C,Southampton,1,1,young_adult,13.0,1
0,3,male,28.5,0,0,16.1,S,C,Southampton,1,1,young_adult,16.1,1
0,3,female,48.0,1,3,34.375,S,C,Southampton,5,0,adult,6.875,0
1,1,male,35.0,0,0,512.3292,C,B,Cherbourg,1,1,young_adult,512.3292,1
0,3,male,28.0,0,0,7.8958,S,C,Southampton,1,1,young_adult,7.8958,1
0,3,male,28.0,0,0,7.8958,S,C,Southampton,1,1,young_adult,7.8958,1
1,1,male,28.0,0,0,30.0,S,D,Southampton,1,1,young_adult,30.0,1
0,1,male,36.0,1,0,78.85,S,C,Southampton,2,0,adult,39.425,1
1,1,female,21.0,2,2,262.375,C,B,Cherbourg,5,0,young_adult,52.475,0
0,3,male,24.0,1,0,16.1,S,C,Southampton,2,0,young_adult,8.05,1
1,3,male,31.0,0,0,7.925,S,C,Southampton,1,1,young_adult,7.925,1
0,1,male,70.0,1,1,71.0,S,B,Southampton,3,0,senior,23.666666666666668,1
0,3,male,16.0,1,1,20.25,S,C,Southampton,3,0,teen,6.75,1
1,2,female,30.0,0,0,13.0,S,C,Southampton,1,1,young_adult,13.0,0
0,1,male,19.0,1,0,53.1,S,D,Southampton,2,0,young_adult,26.55,1
0,3,male,31.0,0,0,7.75,Q,C,Queenstown,1,1,young_adult,7.75,1
1,2,female,4.0,1,1,23.0,S,C,Southampton,3,0,child,7.666666666666667,0
1,3,male,6.0,0,1,12.475,S,E,Southampton,2,0,child,6.2375,1
0,3,male,33.0,0,0,9.5,S,C,Southampton,1,1,young_adult,9.5,1
0,3,male,23.0,0,0,7.8958,S,C,Southampton,1,1,young_adult,7.8958,1
1,2,female,48.0,1,2,65.0,S,C,Southampton,4,0,adult,16.25,0
1,2,male,0.67,1,1,14.5,S,C,Southampton,3,0,child,4.833333333333333,1
0,3,male,28.0,0,0,7.7958,S,C,Southampton,1,1,young_adult,7.7958,1
0,2,male,18.0,0,0,11.5,S,C,Southampton,1,1,teen,11.5,1
0,3,male,34.0,0,0,8.05,S,C,Southampton,1,1,young_adult,8.05,1
1,1,female,33.0,0,0,86.5,S,B,Southampton,1,1,young_adult,86.5,0
0,3,male,28.0,0,0,14.5,S,C,Southampton,1,1,young_adult,14.5,1
0,3,male,41.0,0,0,7.125,S,C,Southampton,1,1,adult,7.125,1
1,3,male,20.0,0,0,7.2292,C,C,Cherbourg,1,1,young_adult,7.2292,1
1,1,female,36.0,1,2,120.0,S,B,Southampton,4,0,adult,30.0,0
0,3,male,16.0,0,0,7.775,S,C,Southampton,1,1,teen,7.775,1
1,1,female,51.0,1,0,77.9583,S,D,Southampton,2,0,adult,38.97915,0
0,1,male,28.0,0,0,39.6,C,C,Cherbourg,1,1,young_adult,39.6,1
0,3,female,30.5,0,0,7.75,Q,C,Queenstown,1,1,young_adult,7.75,0
0,3,male,28.0,1,0,24.15,Q,C,Queenstown,2,0,young_adult,12.075,1
0,3,male,32.0,0,0,8.3625,S,C,Southampton,1,1,young_adult,8.3625,1
0,3,male,24.0,0,0,9.5,S,C,Southampton,1,1,young_adult,9.5,1
0,3,male,48.0,0,0,7.8542,S,C,Southampton,1,1,adult,7.8542,1
0,2,female,57.0,0,0,10.5,S,E,Southampton,1,1,adult,10.5,0
0,3,male,28.0,0,0,7.225,C,C,Cherbourg,1,1,young_adult,7.225,1
1,2,female,54.0,1,3,23.0,S,C,Southampton,5,0,adult,4.6,0
0,3,male,18.0,0,0,7.75,S,C,Southampton,1,1,teen,7.75,1
0,3,male,28.0,0,0,7.75,Q,F,Queenstown,1,1,young_adult,7.75,1
1,3,female,5.0,0,0,12.475,S,C,Southampton,1,1,child,12.475,0
0,3,male,28.0,0,0,7.7375,Q,C,Queenstown,1,1,young_adult,7.7375,1
1,1,female,43.0,0,1,211.3375,S,B,Southampton,2,0,adult,105.66875,0
1,3,female,13.0,0,0,7.2292,C,C,Cherbourg,1,1,teen,7.2292,0
1,1,female,17.0,1,0,57.0,S,B,Southampton,2,0,teen,28.5,0
0,1,male,29.0,0,0,30.0,S,D,Southampton,1,1,young_adult,30.0,1
0,3,male,28.0,1,2,23.45,S,C,Southampton,4,0,young_adult,5.8625,1
0,3,male,25.0,0,0,7.05,S,C,Southampton,1,1,young_adult,7.05,1
0,3,male,25.0,0,0,7.25,S,C,Southampton,1,1,young_adult,7.25,1
1,3,female,18.0,0,0,7.4958,S,C,Southampton,1,1,teen,7.4958,0
0,3,male,8.0,4,1,29.125,Q,C,Queenstown,6,0,child,4.854166666666667,1
1,3,male,1.0,1,2,20.575,S,C,Southampton,4,0,child,5.14375,1
0,1,male,46.0,0,0,79.2,C,B,Cherbourg,1,1,adult,79.2,1
0,3,male,28.0,0,0,7.75,Q,C,Queenstown,1,1,young_adult,7.75,1
0,2,male,16.0,0,0,26.0,S,C,Southampton,1,1,teen,26.0,1
0,3,female,28.0,8,2,69.55,S,C,Southampton,11,0,young_adult,6.322727272727272,0
0,1,male,28.0,0,0,30.6958,C,C,Cherbourg,1,1,young_adult,30.6958,1
0,3,male,25.0,0,0,7.8958,S,C,Southampton,1,1,young_adult,7.8958,1
0,2,male,39.0,0,0,13.0,S,C,Southampton,1,1,adult,13.0,1
1,1,female,49.0,0,0,25.9292,S,D,Southampton,1,1,adult,25.9292,0
1,3,female,31.0,0,0,8.6833,S,C,Southampton,1,1,young_adult,8.6833,0
0,3,male,30.0,0,0,7.2292,C,C,Cherbourg,1,1,young_adult,7.2292,1
0,3,female,30.0,1,1,24.15,S,C,Southampton,3,0,young_adult,8.049999999999999,0
0,2,male,34.0,0,0,13.0,S,C,Southampton,1,1,young_adult,13.0,1
1,2,female,31.0,1,1,26.25,S,C,Southampton,3,0,young_adult,8.75,0
1,1,male,11.0,1,2,120.0,S,B,Southampton,4,0,child,30.0,1
1,3,male,0.42,0,1,8.5167,C,C,Cherbourg,2,0,child,4.25835,1
1,3,male,27.0,0,0,6.975,S,C,Southampton,1,1,young_adult,6.975,1
0,3,male,31.0,0,0,7.775,S,C,Southampton,1,1,young_adult,7.775,1
0,1,male,39.0,0,0,0.0,S,A,Southampton,1,1,adult,0.0,1
0,3,female,18.0,0,0,7.775,S,C,Southampton,1,1,teen,7.775,0
0,2,male,39.0,0,0,13.0,S,C,Southampton,1,1,adult,13.0,1
1,1,female,33.0,1,0,53.1,S,E,Southampton,2,0,young_adult,26.55,0
0,3,male,26.0,0,0,7.8875,S,C,Southampton,1,1,young_adult,7.8875,1
0,3,male,39.0,0,0,24.15,S,C,Southampton,1,1,adult,24.15,1
0,2,male,35.0,0,0,10.5,S,C,Southampton,1,1,young_adult,10.5,1
0,3,female,6.0,4,2,31.275,S,C,Southampton,7,0,child,4.4678571428571425,0
0,3,male,30.5,0,0,8.05,S,C,Southampton,1,1,young_adult,8.05,1
0,1,male,28.0,0,0,0.0,S,B,Southampton,1,1,young_adult,0.0,1
0,3,female,23.0,0,0,7.925,S,C,Southampton,1,1,young_adult,7.925,0
0,2,male,31.0,1,1,37.0042,C,C,Cherbourg,3,0,young_adult,12.334733333333332,1
0,3,male,43.0,0,0,6.45,S,C,Southampton,1,1,adult,6.45,1
0,3,male,10.0,3,2,27.9,S,C,Southampton,6,0,child,4.6499999999999995,1
1,1,female,52.0,1,1,93.5,S,B,Southampton,3,0,adult,31.166666666666668,0
1,3,male,27.0,0,0,8.6625,S,C,Southampton,1,1,young_adult,8.6625,1
0,1,male,38.0,0,0,0.0,S,C,Southampton,1,1,adult,0.0,1
1,3,female,27.0,0,1,12.475,S,E,Southampton,2,0,young_adult,6.2375,0
0,3,male,2.0,4,1,39.6875,S,C,Southampton,6,0,child,6.614583333333333,1
0,3,male,28.0,0,0,6.95,Q,C,Queenstown,1,1,young_adult,6.95,1
0,3,male,28.0,0,0,56.4958,S,C,Southampton,1,1,young_adult,56.4958,1
1,2,male,1.0,0,2,37.0042,C,C,Cherbourg,3,0,child,12.334733333333332,1
1,3,male,28.0,0,0,7.75,Q,C,Queenstown,1,1,young_adult,7.75,1
1,1,female,62.0,0,0,80.0,S,B,Southampton,1,1,senior,80.0,0
1,3,female,15.0,1,0,14.4542,C,C,Cherbourg,2,0,teen,7.2271,0
1,2,male,0.83,1,1,18.75,S,C,Southampton,3,0,child,6.25,1
0,3,male,28.0,0,0,7.2292,C,C,Cherbourg,1,1,young_adult,7.2292,1
0,3,male,23.0,0,0,7.8542,S,C,Southampton,1,1,young_adult,7.8542,1
0,3,male,18.0,0,0,8.3,S,C,Southampton,1,1,teen,8.3,1
1,1,female,39.0,1,1,83.1583,C,E,Cherbourg,3,0,adult,27.71943333333333,0
0,3,male,21.0,0,0,8.6625,S,C,Southampton,1,1,young_adult,8.6625,1
0,3,male,28.0,0,0,8.05,S,C,Southampton,1,1,young_adult,8.05,1
1,3,male,32.0,0,0,56.4958,S,C,Southampton,1,1,young_adult,56.4958,1
1,1,male,28.0,0,0,29.7,C,C,Cherbourg,1,1,young_adult,29.7,1
0,3,male,20.0,0,0,7.925,S,C,Southampton,1,1,young_adult,7.925,1
0,2,male,16.0,0,0,10.5,S,C,Southampton,1,1,teen,10.5,1
1,1,female,30.0,0,0,31.0,C,C,Cherbourg,1,1,young_adult,31.0,0
0,3,male,34.5,0,0,6.4375,C,C,Cherbourg,1,1,young_adult,6.4375,1
0,3,male,17.0,0,0,8.6625,S,C,Southampton,1,1,teen,8.6625,1
0,3,male,42.0,0,0,7.55,S,C,Southampton,1,1,adult,7.55,1
0,3,male,28.0,8,2,69.55,S,C,Southampton,11,0,young_adult,6.322727272727272,1
0,3,male,35.0,0,0,7.8958,C,C,Cherbourg,1,1,young_adult,7.8958,1
0,2,male,28.0,0,1,33.0,S,C,Southampton,2,0,young_adult,16.5,1
1,1,female,28.0,1,0,89.1042,C,C,Cherbourg,2,0,young_adult,44.5521,0
0,3,male,4.0,4,2,31.275,S,C,Southampton,7,0,child,4.4678571428571425,1
0,3,male,74.0,0,0,7.775,S,C,Southampton,1,1,senior,7.775,1
0,3,female,9.0,1,1,15.2458,C,C,Cherbourg,3,0,child,5.081933333333333,0
1,1,female,16.0,0,1,39.4,S,D,Southampton,2,0,teen,19.7,0
0,2,female,44.0,1,0,26.0,S,C,Southampton,2,0,adult,13.0,0
1,3,female,18.0,0,1,9.35,S,C,Southampton,2,0,teen,4.675,0
1,1,female,45.0,1,1,164.8667,S,C,Southampton,3,0,adult,54.95556666666667,0
1,1,male,51.0,0,0,26.55,S,E,Southampton,1,1,adult,26.55,1
1,3,female,24.0,0,3,19.2583,C,C,Cherbourg,4,0,young_adult,4.814575,0
0,3,male,28.0,0,0,7.2292,C,C,Cherbourg,1,1,young_adult,7.2292,1
0,3,male,41.0,2,0,14.1083,S,C,Southampton,3,0,adult,4.702766666666666,1
0,2,male,21.0,1,0,11.5,S,C,Southampton,2,0,young_adult,5.75,1
1,1,female,48.0,0,0,25.9292,S,D,Southampton,1,1,adult,25.9292,0
0,3,female,28.0,8,2,69.55,S,C,Southampton,11,0,young_adult,6.322727272727272,0
0,2,male,24.0,0,0,13.0,S,C,Southampton,1,1,young_adult,13.0,1
1,2,female,42.0,0,0,13.0,S,C,Southampton,1,1,adult,13.0,0
1,2,female,27.0,1,0,13.8583,C,C,Cherbourg,2,0,young_adult,6.92915,0
0,1,male,31.0,0,0,50.4958,S,A,Southampton,1,1,young_adult,50.4958,1
0,3,male,28.0,0,0,9.5,S,C,Southampton,1,1,young_adult,9.5,1
1,3,male,4.0,1,1,11.1333,S,C,Southampton,3,0,child,3.7111,1
0,3,male,26.0,0,0,7.8958,S,C,Southampton,1,1,young_adult,7.8958,1
1,1,female,47.0,1,1,52.5542,S,D,Southampton,3,0,adult,17.518066666666666,0
0,1,male,33.0,0,0,5.0,S,B,Southampton,1,1,young_adult,5.0,1
0,3,male,47.0,0,0,9.0,S,C,Southampton,1,1,adult,9.0,1
1,2,female,28.0,1,0,24.0,C,C,Cherbourg,2,0,young_adult,12.0,0
1,3,female,15.0,0,0,7.225,C,C,Cherbourg,1,1,teen,7.225,0
0,3,male,20.0,0,0,9.8458,S,C,Southampton,1,1,young_adult,9.8458,1
0,3,male,19.0,0,0,7.8958,S,C,Southampton,1,1,young_adult,7.8958,1
0,3,male,28.0,0,0,7.8958,S,C,Southampton,1,1,young_adult,7.8958,1
1,1,female,56.0,0,1,83.1583,C,C,Cherbourg,2,0,adult,41.57915,0
1,2,female,25.0,0,1,26.0,S,C,Southampton,2,0,young_adult,13.0,0
0,3,male,33.0,0,0,7.8958,S,C,Southampton,1,1,young_adult,7.8958,1
0,3,female,22.0,0,0,10.5167,S,C,Southampton,1,1,young_adult,10.5167,0
0,2,male,28.0,0,0,10.5,S,C,Southampton,1,1,young_adult,10.5,1
0,3,male,25.0,0,0,7.05,S,C,Southampton,1,1,young_adult,7.05,1
0,3,female,39.0,0,5,29.125,Q,C,Queenstown,6,0,adult,4.854166666666667,0
0,2,male,27.0,0,0,13.0,S,C,Southampton,1,1,young_adult,13.0,1
1,1,female,19.0,0,0,30.0,S,B,Southampton,1,1,young_adult,30.0,0
0,3,female,28.0,1,2,23.45,S,C,Southampton,4,0,young_adult,5.8625,0
1,1,male,26.0,0,0,30.0,C,C,Cherbourg,1,1,young_adult,30.0,1
0,3,male,32.0,0,0,7.75,Q,C,Queenstown,1,1,young_adult,7.75,1
